No.,Time,Source,Destination,Protocol,Length,Info
1,0,192.168.1.106,52.115.97.218,UDP,158,50047  >  3481 Len=116
2,0.072173,52.115.97.218,192.168.1.106,UDP,125,3481  >  50058 Len=83
3,0.115618,52.115.97.218,192.168.1.106,STUN,114,Binding Success Response XOR-MAPPED-ADDRESS: 103.132.174.28:50047
4,0.210673,192.168.1.106,52.115.97.218,UDP,158,50013  >  3479 Len=116
5,0.210837,192.168.1.106,52.115.97.218,UDP,158,50058  >  3481 Len=116
6,0.211054,192.168.1.106,52.115.97.218,UDP,101,50058  >  3481 Len=59
7,0.255378,192.168.1.106,52.115.97.218,UDP,177,50058  >  3481 Len=135
8,0.31624,192.168.1.106,52.115.97.218,UDP,158,50021  >  3480 Len=116
9,0.328738,52.115.97.218,192.168.1.106,STUN,114,Binding Success Response XOR-MAPPED-ADDRESS: 103.132.174.28:50058
10,0.340675,52.115.97.218,192.168.1.106,STUN,114,Binding Success Response XOR-MAPPED-ADDRESS: 103.132.174.28:50013
11,0.436212,52.115.97.218,192.168.1.106,STUN,114,Binding Success Response XOR-MAPPED-ADDRESS: 103.132.174.28:50021
12,0.493328,52.115.97.218,192.168.1.106,UDP,117,3480  >  50021 Len=75
13,0.620346,192.168.1.106,52.115.97.218,UDP,145,50021  >  3480 Len=103
14,0.685105,192.168.1.106,52.114.45.50,STUN,264,"Allocate Request bandwidth: 350 realm: \223I\253\341}\240,M2\232x\034\366\360\364\257\317Q\t\375 with nonce[Malformed Packet]"
15,0.68724,Cisco-Li_1d:7c:e2,Broadcast,ARP,42,Who has 192.168.1.105? Tell 192.168.1.1
16,0.816255,52.114.45.50,192.168.1.106,STUN,195,Allocate Success Response lifetime: 60 MAPPED-ADDRESS: 52.114.45.50:3480 XOR-MAPPED-ADDRESS: 103.132.174.28:50021[Malformed Packet]
17,0.836777,52.115.97.218,192.168.1.106,UDP,117,3480  >  50021 Len=75
18,0.857132,52.115.97.218,192.168.1.106,UDP,125,3480  >  50021 Len=83
19,0.862599,192.168.1.106,52.115.97.218,UDP,145,50021  >  3480 Len=103
20,0.881487,52.115.97.218,192.168.1.106,UDP,117,3480  >  50021 Len=75
21,0.924232,192.168.1.106,52.115.97.218,UDP,145,50021  >  3480 Len=103
22,1.083578,192.168.1.106,52.115.97.218,UDP,145,50021  >  3480 Len=103
23,1.111336,192.168.1.106,52.114.45.185,STUN,264,Allocate Request bandwidth: 350 realm: \352\354d5\264\372G\004\360\262\267\034\363W\005K7\244\244\226 with nonce[Malformed Packet]
24,1.160332,52.115.97.218,192.168.1.106,UDP,117,3480  >  50021 Len=75
25,1.215095,192.168.1.106,52.115.97.218,UDP,158,50047  >  3481 Len=116
26,1.233838,52.114.45.185,192.168.1.106,STUN,195,Allocate Success Response lifetime: 60 MAPPED-ADDRESS: 52.114.45.185:3479 XOR-MAPPED-ADDRESS: 103.132.174.28:50013[Malformed Packet]
27,1.277834,192.168.1.106,52.115.97.218,UDP,145,50021  >  3480 Len=103
28,1.300571,192.168.1.106,52.115.97.218,UDP,141,50021  >  3480 Len=99
29,1.387639,52.115.97.218,192.168.1.106,STUN,114,Binding Success Response XOR-MAPPED-ADDRESS: 103.132.174.28:50047
30,1.427525,192.168.1.106,52.115.97.218,UDP,158,50013  >  3479 Len=116
31,1.427745,192.168.1.106,52.115.97.218,UDP,158,50058  >  3481 Len=116
32,1.49209,52.115.97.218,192.168.1.106,STUN,114,Binding Success Response XOR-MAPPED-ADDRESS: 103.132.174.28:50058
33,1.505457,52.115.97.218,192.168.1.106,STUN,114,Binding Success Response XOR-MAPPED-ADDRESS: 103.132.174.28:50013
34,1.536623,192.168.1.106,52.115.97.218,UDP,158,50021  >  3480 Len=116
35,1.681136,192.168.1.106,52.115.97.218,UDP,145,50021  >  3480 Len=103
36,1.706427,52.115.97.218,192.168.1.106,STUN,114,Binding Success Response XOR-MAPPED-ADDRESS: 103.132.174.28:50021
37,1.711152,Cisco-Li_1d:7c:e2,Broadcast,ARP,42,Who has 192.168.1.105? Tell 192.168.1.1
38,1.724836,52.115.97.218,192.168.1.106,UDP,117,3480  >  50021 Len=75
39,1.873735,192.168.1.106,52.115.97.218,UDP,145,50021  >  3480 Len=103
40,1.925369,52.115.97.218,192.168.1.106,UDP,117,3479  >  50013 Len=75
41,1.927355,52.115.97.218,192.168.1.106,UDP,117,3480  >  50021 Len=75
42,1.995617,52.115.97.218,192.168.1.106,UDP,117,3480  >  50021 Len=75
43,2.133727,52.115.97.218,192.168.1.106,UDP,117,3479  >  50013 Len=75
44,2.217324,192.168.1.106,52.115.97.218,UDP,145,50021  >  3480 Len=103
45,2.343719,52.115.97.218,192.168.1.106,UDP,117,3479  >  50013 Len=75
46,2.36505,192.168.1.106,52.115.97.218,UDP,177,50058  >  3481 Len=135
47,2.452691,192.168.1.106,52.115.97.218,UDP,158,50047  >  3481 Len=116
48,2.541347,52.115.97.218,192.168.1.106,STUN,114,Binding Success Response XOR-MAPPED-ADDRESS: 103.132.174.28:50047
49,2.55356,52.115.97.218,192.168.1.106,UDP,117,3479  >  50013 Len=75
50,2.55761,192.168.1.106,52.115.97.218,UDP,158,50013  >  3479 Len=116
51,2.557858,192.168.1.106,52.115.97.218,UDP,158,50058  >  3481 Len=116
52,2.653535,52.115.97.218,192.168.1.106,STUN,114,Binding Success Response XOR-MAPPED-ADDRESS: 103.132.174.28:50058
53,2.665496,52.115.97.218,192.168.1.106,STUN,114,Binding Success Response XOR-MAPPED-ADDRESS: 103.132.174.28:50013
54,2.73514,Cisco-Li_1d:7c:e2,Broadcast,ARP,42,Who has 192.168.1.105? Tell 192.168.1.1
55,2.762596,192.168.1.106,52.115.97.218,UDP,93,50047  >  3481 Len=51
56,2.762682,192.168.1.106,52.115.97.218,UDP,1269,50047  >  3481 Len=1227
57,2.762717,192.168.1.106,52.115.97.218,UDP,1269,50047  >  3481 Len=1227
58,2.767133,52.115.97.218,192.168.1.106,UDP,117,3479  >  50013 Len=75
59,2.768499,192.168.1.106,52.115.97.218,UDP,158,50021  >  3480 Len=116
60,2.869189,52.115.97.218,192.168.1.106,STUN,114,Binding Success Response XOR-MAPPED-ADDRESS: 103.132.174.28:50021
61,2.905192,192.168.1.106,52.115.97.218,UDP,237,50013  >  3479 Len=195
62,2.912167,52.115.97.218,192.168.1.106,UDP,125,3481  >  50058 Len=83
63,2.94683,192.168.1.106,52.115.97.218,UDP,145,50021  >  3480 Len=103
64,3.108015,192.168.1.106,52.115.97.218,UDP,145,50021  >  3480 Len=103
65,3.228837,192.168.1.106,52.115.97.218,UDP,101,50058  >  3481 Len=59
66,3.24017,52.115.97.218,192.168.1.106,UDP,172,3479  >  50013 Len=130
67,3.242163,52.115.97.218,192.168.1.106,UDP,117,3480  >  50021 Len=75
68,3.261022,52.115.97.218,192.168.1.106,UDP,167,3479  >  50013 Len=125
69,3.280828,52.115.97.218,192.168.1.106,UDP,164,3479  >  50013 Len=122
70,3.302625,52.115.97.218,192.168.1.106,UDP,149,3479  >  50013 Len=107
71,3.322122,52.115.97.218,192.168.1.106,UDP,141,3479  >  50013 Len=99
72,3.341601,52.115.97.218,192.168.1.106,UDP,147,3479  >  50013 Len=105
73,3.36434,52.115.97.218,192.168.1.106,UDP,142,3479  >  50013 Len=100
74,3.3798,52.115.97.218,192.168.1.106,UDP,149,3479  >  50013 Len=107
75,3.397202,192.168.1.106,52.115.97.218,UDP,141,50047  >  3481 Len=99
76,3.399705,52.115.97.218,192.168.1.106,UDP,145,3479  >  50013 Len=103
77,3.425907,52.115.97.218,192.168.1.106,UDP,137,3479  >  50013 Len=95
78,3.426629,52.115.97.218,192.168.1.106,UDP,81,3479  >  50013 Len=39
79,3.426629,52.115.97.218,192.168.1.106,UDP,1257,3479  >  50013 Len=1215
80,3.426793,52.115.97.218,192.168.1.106,UDP,125,3480  >  50021 Len=83
81,3.441086,52.115.97.218,192.168.1.106,UDP,138,3479  >  50013 Len=96
82,3.461229,52.115.97.218,192.168.1.106,UDP,145,3479  >  50013 Len=103
83,3.482255,52.115.97.218,192.168.1.106,UDP,143,3479  >  50013 Len=101
84,3.50685,52.115.97.218,192.168.1.106,UDP,135,3479  >  50013 Len=93
85,3.527066,52.115.97.218,192.168.1.106,UDP,141,3479  >  50013 Len=99
86,3.546237,52.115.97.218,192.168.1.106,UDP,137,3479  >  50013 Len=95
87,3.560203,52.115.97.218,192.168.1.106,UDP,137,3479  >  50013 Len=95
88,3.575695,192.168.1.106,52.115.97.218,UDP,158,50047  >  3481 Len=116
89,3.582214,52.115.97.218,192.168.1.106,UDP,139,3479  >  50013 Len=97
90,3.600474,52.115.97.218,192.168.1.106,UDP,138,3479  >  50013 Len=96
91,3.605463,192.168.1.106,216.58.203.163,TCP,54,"51134  >  80 [FIN, ACK] Seq=1 Ack=1 Win=513 Len=0"
92,3.605564,192.168.1.106,104.18.20.226,TCP,54,"51135  >  80 [FIN, ACK] Seq=1 Ack=1 Win=512 Len=0"
93,3.605633,192.168.1.106,182.156.239.8,TCP,54,"51136  >  80 [FIN, ACK] Seq=1 Ack=1 Win=514 Len=0"
94,3.611193,182.156.239.8,192.168.1.106,TCP,54,"80  >  51136 [FIN, ACK] Seq=1 Ack=2 Win=245 Len=0"
95,3.611255,192.168.1.106,182.156.239.8,TCP,54,51136  >  80 [ACK] Seq=2 Ack=2 Win=514 Len=0
96,3.611635,216.58.203.163,192.168.1.106,TCP,54,"80  >  51134 [FIN, ACK] Seq=1 Ack=2 Win=261 Len=0"
97,3.611695,192.168.1.106,216.58.203.163,TCP,54,51134  >  80 [ACK] Seq=2 Ack=2 Win=513 Len=0
98,3.627745,52.115.97.218,192.168.1.106,UDP,144,3479  >  50013 Len=102
99,3.642648,52.115.97.218,192.168.1.106,UDP,135,3479  >  50013 Len=93
100,3.649113,104.18.20.226,192.168.1.106,TCP,54,"80  >  51135 [FIN, ACK] Seq=1 Ack=2 Win=66 Len=0"
101,3.649195,192.168.1.106,104.18.20.226,TCP,54,51135  >  80 [ACK] Seq=2 Ack=2 Win=512 Len=0
102,3.658026,192.168.1.106,52.115.97.218,UDP,145,50021  >  3480 Len=103
103,3.664144,52.115.97.218,192.168.1.106,UDP,146,3479  >  50013 Len=104
104,3.681873,52.115.97.218,192.168.1.106,UDP,80,3479  >  50013 Len=38
105,3.686121,192.168.1.106,52.115.97.218,UDP,158,50058  >  3481 Len=116
106,3.697684,52.115.97.218,192.168.1.106,STUN,114,Binding Success Response XOR-MAPPED-ADDRESS: 103.132.174.28:50047
107,3.739592,192.168.1.106,52.115.97.218,UDP,158,50013  >  3479 Len=116
108,3.759452,Cisco-Li_1d:7c:e2,Broadcast,ARP,42,Who has 192.168.1.105? Tell 192.168.1.1
109,3.762995,52.115.97.218,192.168.1.106,UDP,126,3479  >  50013 Len=84
110,3.78295,52.115.97.218,192.168.1.106,UDP,114,3479  >  50013 Len=72
111,3.79988,52.115.97.218,192.168.1.106,UDP,138,3479  >  50013 Len=96
112,3.801781,52.115.97.218,192.168.1.106,STUN,114,Binding Success Response XOR-MAPPED-ADDRESS: 103.132.174.28:50058
113,3.813879,52.115.97.218,192.168.1.106,STUN,114,Binding Success Response XOR-MAPPED-ADDRESS: 103.132.174.28:50013
114,3.83261,52.115.97.218,192.168.1.106,UDP,145,3479  >  50013 Len=103
115,3.84282,52.115.97.218,192.168.1.106,UDP,140,3479  >  50013 Len=98
116,3.863931,52.115.97.218,192.168.1.106,UDP,132,3479  >  50013 Len=90
117,3.865146,192.168.1.106,52.115.97.218,UDP,145,50021  >  3480 Len=103
118,3.88787,52.115.97.218,192.168.1.106,UDP,84,3479  >  50013 Len=42
119,3.888056,52.115.97.218,192.168.1.106,UDP,117,3479  >  50013 Len=75
120,3.896952,192.168.1.106,52.115.97.218,UDP,158,50021  >  3480 Len=116
121,3.907422,192.168.1.106,52.115.97.218,UDP,145,50021  >  3480 Len=103
122,3.987671,192.168.1.106,52.114.128.71,TLSv1.2,739,Application Data
123,3.987824,192.168.1.106,52.114.128.71,TCP,1494,50683  >  443 [ACK] Seq=686 Ack=1 Win=517 Len=1440 [TCP segment of a reassembled PDU]
124,3.987824,192.168.1.106,52.114.128.71,TCP,1494,50683  >  443 [ACK] Seq=2126 Ack=1 Win=517 Len=1440 [TCP segment of a reassembled PDU]
125,3.987824,192.168.1.106,52.114.128.71,TCP,1494,50683  >  443 [ACK] Seq=3566 Ack=1 Win=517 Len=1440 [TCP segment of a reassembled PDU]
126,3.987824,192.168.1.106,52.114.128.71,TCP,1494,50683  >  443 [ACK] Seq=5006 Ack=1 Win=517 Len=1440 [TCP segment of a reassembled PDU]
127,3.987824,192.168.1.106,52.114.128.71,TCP,1494,50683  >  443 [ACK] Seq=6446 Ack=1 Win=517 Len=1440 [TCP segment of a reassembled PDU]
128,3.987824,192.168.1.106,52.114.128.71,TCP,1494,50683  >  443 [ACK] Seq=7886 Ack=1 Win=517 Len=1440 [TCP segment of a reassembled PDU]
129,3.987824,192.168.1.106,52.114.128.71,TCP,1494,50683  >  443 [ACK] Seq=9326 Ack=1 Win=517 Len=1440 [TCP segment of a reassembled PDU]
130,3.987824,192.168.1.106,52.114.128.71,TCP,1494,50683  >  443 [ACK] Seq=10766 Ack=1 Win=517 Len=1440 [TCP segment of a reassembled PDU]
131,3.987824,192.168.1.106,52.114.128.71,TLSv1.2,460,Application Data
132,4.014668,52.115.97.218,192.168.1.106,STUN,114,Binding Success Response XOR-MAPPED-ADDRESS: 103.132.174.28:50021
133,4.12891,52.115.97.218,192.168.1.106,UDP,117,3479  >  50013 Len=75
134,4.22114,52.114.128.71,192.168.1.106,TCP,54,443  >  50683 [ACK] Seq=1 Ack=2126 Win=1026 Len=0
135,4.22227,52.114.128.71,192.168.1.106,TCP,54,443  >  50683 [ACK] Seq=1 Ack=5006 Win=1026 Len=0
136,4.223212,52.114.128.71,192.168.1.106,TCP,54,443  >  50683 [ACK] Seq=1 Ack=7886 Win=1026 Len=0
137,4.224019,52.114.128.71,192.168.1.106,TCP,54,443  >  50683 [ACK] Seq=1 Ack=12612 Win=1026 Len=0
138,4.224132,52.114.128.71,192.168.1.106,TCP,54,443  >  50683 [ACK] Seq=1 Ack=10766 Win=1026 Len=0
139,4.246389,52.115.97.218,192.168.1.106,UDP,117,3480  >  50021 Len=75
140,4.338063,52.115.97.218,192.168.1.106,UDP,117,3479  >  50013 Len=75
141,4.376341,52.115.97.218,192.168.1.106,UDP,117,3480  >  50021 Len=75
142,4.401541,192.168.1.106,103.8.45.5,DNS,91,Standard query 0xba22 A teams.events.data.microsoft.com
143,4.407678,103.8.45.5,192.168.1.106,DNS,201,Standard query response 0xba22 A teams.events.data.microsoft.com CNAME teams-events-data.trafficmanager.net CNAME skypedataprdcolcus06.cloudapp.net A 52.114.128.69
144,4.408245,192.168.1.106,52.114.128.69,TCP,66,51137  >  443 [SYN] Seq=0 Win=64240 Len=0 MSS=1460 WS=256 SACK_PERM=1
145,4.464796,52.114.128.71,192.168.1.106,TLSv1.2,481,Application Data
146,4.466546,192.168.1.106,52.114.128.71,TLSv1.2,749,Application Data
147,4.466685,192.168.1.106,52.114.128.71,TCP,1494,50683  >  443 [ACK] Seq=13307 Ack=428 Win=515 Len=1440 [TCP segment of a reassembled PDU]
148,4.466685,192.168.1.106,52.114.128.71,TCP,1494,50683  >  443 [ACK] Seq=14747 Ack=428 Win=515 Len=1440 [TCP segment of a reassembled PDU]
149,4.466685,192.168.1.106,52.114.128.71,TCP,1494,50683  >  443 [ACK] Seq=16187 Ack=428 Win=515 Len=1440 [TCP segment of a reassembled PDU]
150,4.466685,192.168.1.106,52.114.128.71,TCP,1494,50683  >  443 [ACK] Seq=17627 Ack=428 Win=515 Len=1440 [TCP segment of a reassembled PDU]
151,4.466685,192.168.1.106,52.114.128.71,TCP,1494,50683  >  443 [ACK] Seq=19067 Ack=428 Win=515 Len=1440 [TCP segment of a reassembled PDU]
152,4.466685,192.168.1.106,52.114.128.71,TLSv1.2,1271,Application Data
153,4.553053,52.115.97.218,192.168.1.106,UDP,133,3479  >  50013 Len=91
154,4.553235,52.115.97.218,192.168.1.106,UDP,117,3479  >  50013 Len=75
155,4.592855,192.168.1.106,52.115.97.218,UDP,145,50021  >  3480 Len=103
156,4.639304,52.114.128.69,192.168.1.106,TCP,66,"443  >  51137 [SYN, ACK] Seq=0 Ack=1 Win=8192 Len=0 MSS=1440 WS=256 SACK_PERM=1"
157,4.639487,192.168.1.106,52.114.128.69,TCP,54,51137  >  443 [ACK] Seq=1 Ack=1 Win=132352 Len=0
158,4.639945,192.168.1.106,52.114.128.69,TLSv1.2,276,Client Hello
159,4.640334,52.115.97.218,192.168.1.106,UDP,117,3480  >  50021 Len=75
160,4.660115,192.168.1.106,52.115.97.218,UDP,145,50021  >  3480 Len=103
161,4.680597,Cisco-Li_1d:7c:e2,Broadcast,ARP,42,Who has 192.168.1.105? Tell 192.168.1.1
162,4.703029,52.114.128.71,192.168.1.106,TCP,54,443  >  50683 [ACK] Seq=428 Ack=14747 Win=1026 Len=0
163,4.703455,52.114.128.71,192.168.1.106,TCP,54,443  >  50683 [ACK] Seq=428 Ack=17627 Win=1026 Len=0
164,4.704651,52.114.128.71,192.168.1.106,TCP,54,443  >  50683 [ACK] Seq=428 Ack=20507 Win=1026 Len=0
165,4.708781,52.115.97.218,192.168.1.106,UDP,117,3480  >  50021 Len=75
166,4.75223,52.115.97.218,192.168.1.106,UDP,113,3481  >  50047 Len=71
167,4.757088,52.114.128.71,192.168.1.106,TCP,54,443  >  50683 [ACK] Seq=428 Ack=21724 Win=1021 Len=0
168,4.764252,52.115.97.218,192.168.1.106,UDP,117,3479  >  50013 Len=75
169,4.795948,192.168.1.106,52.115.97.218,UDP,158,50047  >  3481 Len=116
170,4.801222,52.114.128.71,192.168.1.106,TLSv1.2,481,Application Data
171,4.842742,192.168.1.106,52.114.128.71,TCP,54,50683  >  443 [ACK] Seq=21724 Ack=855 Win=514 Len=0
172,4.871854,52.114.128.69,192.168.1.106,TCP,1506,443  >  51137 [ACK] Seq=1 Ack=223 Win=262656 Len=1452 [TCP segment of a reassembled PDU]
173,4.873453,52.114.128.69,192.168.1.106,TCP,1506,443  >  51137 [ACK] Seq=1453 Ack=223 Win=262656 Len=1452 [TCP segment of a reassembled PDU]
174,4.873453,52.114.128.69,192.168.1.106,TCP,1506,443  >  51137 [ACK] Seq=2905 Ack=223 Win=262656 Len=1452 [TCP segment of a reassembled PDU]
175,4.873453,52.114.128.69,192.168.1.106,TCP,336,"[TCP Previous segment not captured] 443  >  51137 [PSH, ACK] Seq=5809 Ack=223 Win=262656 Len=282 [TCP segment of a reassembled PDU]"
176,4.873453,52.114.128.69,192.168.1.106,TCP,1506,[TCP Out-Of-Order] 443  >  51137 [ACK] Seq=4357 Ack=223 Win=262656 Len=1452
177,4.873589,192.168.1.106,52.114.128.69,TCP,66,51137  >  443 [ACK] Seq=223 Ack=4357 Win=132352 Len=0 SLE=5809 SRE=6091
178,4.873696,192.168.1.106,52.114.128.69,TCP,54,51137  >  443 [ACK] Seq=223 Ack=6091 Win=132352 Len=0
179,4.874157,192.168.1.106,52.114.128.69,TLSv1.2,147,"Client Key Exchange, Change Cipher Spec, Encrypted Handshake Message"
180,4.901455,192.168.1.106,52.115.97.218,UDP,158,50013  >  3479 Len=116
181,4.901612,192.168.1.106,52.115.97.218,UDP,158,50058  >  3481 Len=116
182,4.966309,52.115.97.218,192.168.1.106,STUN,114,Binding Success Response XOR-MAPPED-ADDRESS: 103.132.174.28:50058
183,4.966892,52.115.97.218,192.168.1.106,STUN,114,Binding Success Response XOR-MAPPED-ADDRESS: 103.132.174.28:50047
184,4.978478,52.115.97.218,192.168.1.106,STUN,114,Binding Success Response XOR-MAPPED-ADDRESS: 103.132.174.28:50013
185,4.990902,192.168.1.1,239.255.255.250,SSDP,398,NOTIFY * HTTP/1.1 
186,4.994063,192.168.1.1,239.255.255.250,SSDP,335,NOTIFY * HTTP/1.1 
187,4.997964,192.168.1.1,239.255.255.250,SSDP,326,NOTIFY * HTTP/1.1 
188,5.004661,192.168.1.1,239.255.255.250,SSDP,374,NOTIFY * HTTP/1.1 
189,5.008034,192.168.1.1,239.255.255.250,SSDP,335,NOTIFY * HTTP/1.1 
190,5.01193,192.168.1.1,239.255.255.250,SSDP,406,NOTIFY * HTTP/1.1 
191,5.016047,192.168.1.1,239.255.255.250,SSDP,394,NOTIFY * HTTP/1.1 
192,5.019268,192.168.1.1,239.255.255.250,SSDP,335,NOTIFY * HTTP/1.1 
193,5.022983,192.168.1.1,239.255.255.250,SSDP,388,NOTIFY * HTTP/1.1 
194,5.026627,192.168.1.1,239.255.255.250,SSDP,374,NOTIFY * HTTP/1.1 
195,5.03002,192.168.1.1,239.255.255.250,SSDP,335,NOTIFY * HTTP/1.1 
196,5.034367,192.168.1.1,239.255.255.250,SSDP,404,NOTIFY * HTTP/1.1 
197,5.037924,192.168.1.1,239.255.255.250,SSDP,290,NOTIFY * HTTP/1.1 
198,5.041077,192.168.1.1,239.255.255.250,SSDP,311,NOTIFY * HTTP/1.1 
199,5.057177,192.168.1.106,52.115.97.218,UDP,145,50021  >  3480 Len=103
200,5.107556,52.114.128.69,192.168.1.106,TLSv1.2,105,"Change Cipher Spec, Encrypted Handshake Message"
201,5.118112,192.168.1.106,52.115.97.218,UDP,158,50021  >  3480 Len=116
202,5.148121,192.168.1.106,52.114.128.69,TCP,54,51137  >  443 [ACK] Seq=316 Ack=6142 Win=132352 Len=0
203,5.286357,52.115.97.218,192.168.1.106,STUN,114,Binding Success Response XOR-MAPPED-ADDRESS: 103.132.174.28:50021
204,5.387105,52.115.97.218,192.168.1.106,UDP,125,3481  >  50058 Len=83
205,5.518365,52.114.16.94,192.168.1.106,TCP,1506,443  >  50508 [ACK] Seq=1 Ack=1 Win=2052 Len=1452 [TCP segment of a reassembled PDU]
206,5.518982,52.114.16.94,192.168.1.106,TLSv1.2,1073,Application Data
207,5.519082,192.168.1.106,52.114.16.94,TCP,54,50508  >  443 [ACK] Seq=1 Ack=2472 Win=517 Len=0
208,5.520275,192.168.1.106,52.114.16.94,TLSv1.2,450,Application Data
209,5.526568,52.115.97.218,192.168.1.106,UDP,117,3480  >  50021 Len=75
210,5.543742,192.168.1.106,52.115.97.218,UDP,177,50058  >  3481 Len=135
211,5.723688,52.114.16.94,192.168.1.106,TCP,54,443  >  50508 [ACK] Seq=2472 Ack=397 Win=2050 Len=0
212,5.766139,52.115.97.218,192.168.1.106,UDP,117,3480  >  50021 Len=75
213,5.806963,Cisco-Li_1d:7c:e2,Broadcast,ARP,42,Who has 192.168.1.105? Tell 192.168.1.1
214,5.875113,52.115.97.218,192.168.1.106,UDP,117,3480  >  50021 Len=75
215,5.924236,52.115.97.218,192.168.1.106,UDP,117,3479  >  50013 Len=75
216,5.998433,192.168.1.106,52.115.97.218,UDP,145,50021  >  3480 Len=103
217,6.036455,192.168.1.106,52.115.97.218,UDP,237,50013  >  3479 Len=195
218,6.047794,192.168.1.106,52.115.97.218,UDP,145,50021  >  3480 Len=103
219,6.064268,192.168.1.106,52.115.97.218,UDP,158,50013  >  3479 Len=116
220,6.064485,192.168.1.106,52.115.97.218,UDP,158,50058  >  3481 Len=116
221,6.064622,192.168.1.106,52.115.97.218,UDP,158,50047  >  3481 Len=116
222,6.124193,52.115.97.218,192.168.1.106,STUN,114,Binding Success Response XOR-MAPPED-ADDRESS: 103.132.174.28:50058
223,6.136089,52.115.97.218,192.168.1.106,UDP,117,3479  >  50013 Len=75
224,6.230919,52.115.97.218,192.168.1.106,STUN,114,Binding Success Response XOR-MAPPED-ADDRESS: 103.132.174.28:50047
225,6.235857,192.168.1.106,52.115.97.218,UDP,101,50058  >  3481 Len=59
226,6.242912,52.115.97.218,192.168.1.106,STUN,114,Binding Success Response XOR-MAPPED-ADDRESS: 103.132.174.28:50013
227,6.349051,52.115.97.218,192.168.1.106,UDP,117,3479  >  50013 Len=75
228,6.381635,192.168.1.106,52.115.97.218,UDP,158,50021  >  3480 Len=116
229,6.426469,192.168.1.106,52.115.97.218,UDP,145,50021  >  3480 Len=103
230,6.454083,52.115.97.218,192.168.1.106,UDP,117,3480  >  50021 Len=75
231,6.464703,52.111.244.0,192.168.1.106,TLSv1.2,105,Application Data
232,6.505106,192.168.1.106,52.111.244.0,TCP,54,50584  >  443 [ACK] Seq=1 Ack=52 Win=516 Len=0
233,6.54992,52.115.97.218,192.168.1.106,STUN,114,Binding Success Response XOR-MAPPED-ADDRESS: 103.132.174.28:50021
234,6.55877,52.115.97.218,192.168.1.106,UDP,117,3479  >  50013 Len=75
235,6.645658,192.168.1.106,52.115.97.218,UDP,145,50021  >  3480 Len=103
236,6.685499,192.168.1.106,52.115.97.218,UDP,141,50021  >  3480 Len=99
237,6.728896,Cisco-Li_1d:7c:e2,Broadcast,ARP,42,Who has 192.168.1.105? Tell 192.168.1.1
238,6.767884,52.115.97.218,192.168.1.106,UDP,117,3479  >  50013 Len=75
239,6.777397,192.168.1.106,52.115.97.218,UDP,93,50047  >  3481 Len=51
240,6.777611,192.168.1.106,52.115.97.218,UDP,1269,50047  >  3481 Len=1227
241,6.777757,192.168.1.106,52.115.97.218,UDP,1269,50047  >  3481 Len=1227
242,6.859945,52.114.16.94,192.168.1.106,TCP,1506,443  >  50508 [ACK] Seq=2472 Ack=397 Win=2050 Len=1452 [TCP segment of a reassembled PDU]
243,6.860578,52.114.16.94,192.168.1.106,TLSv1.2,1061,Application Data
244,6.860712,192.168.1.106,52.114.16.94,TCP,54,50508  >  443 [ACK] Seq=397 Ack=4931 Win=517 Len=0
245,6.862107,192.168.1.106,52.114.16.94,TLSv1.2,450,Application Data
246,6.922641,Cisco-Li_1d:7c:e2,IntelCor_f1:3d:f3,ARP,42,Who has 192.168.1.106? Tell 192.168.1.1
247,6.922652,IntelCor_f1:3d:f3,Cisco-Li_1d:7c:e2,ARP,42,192.168.1.106 is at a0:a4:c5:f1:3d:f3
248,7.067915,52.114.16.94,192.168.1.106,TCP,54,443  >  50508 [ACK] Seq=4931 Ack=793 Win=2049 Len=0
249,7.086377,192.168.1.106,52.115.97.218,UDP,145,50021  >  3480 Len=103
250,7.116071,52.115.97.218,192.168.1.106,UDP,117,3480  >  50021 Len=75
251,7.227036,192.168.1.106,52.115.97.218,UDP,158,50058  >  3481 Len=116
252,7.331325,192.168.1.106,52.115.97.218,UDP,158,50013  >  3479 Len=116
253,7.331483,192.168.1.106,52.115.97.218,UDP,158,50047  >  3481 Len=116
254,7.385363,52.115.97.218,192.168.1.106,STUN,114,Binding Success Response XOR-MAPPED-ADDRESS: 103.132.174.28:50058
255,7.448107,192.168.1.106,52.115.97.218,UDP,145,50021  >  3480 Len=103
256,7.49332,52.115.97.218,192.168.1.106,STUN,114,Binding Success Response XOR-MAPPED-ADDRESS: 103.132.174.28:50047
257,7.504741,52.115.97.218,192.168.1.106,STUN,114,Binding Success Response XOR-MAPPED-ADDRESS: 103.132.174.28:50013
258,7.504921,52.115.97.218,192.168.1.106,UDP,81,3479  >  50013 Len=39
259,7.504921,52.115.97.218,192.168.1.106,UDP,1257,3479  >  50013 Len=1215
260,7.649399,192.168.1.106,52.115.97.218,UDP,158,50021  >  3480 Len=116
261,7.752573,Cisco-Li_1d:7c:e2,Broadcast,ARP,42,Who has 192.168.1.105? Tell 192.168.1.1
262,7.793861,52.115.97.218,192.168.1.106,UDP,117,3480  >  50021 Len=75
263,7.813263,52.115.97.218,192.168.1.106,STUN,114,Binding Success Response XOR-MAPPED-ADDRESS: 103.132.174.28:50021
264,7.915118,192.168.1.135,224.0.0.251,MDNS,130,"Standard query 0x0000 PTR _companion-link._tcp.local, ""QU"" question PTR _homekit._tcp.local, ""QU"" question OPT"
265,7.916586,fe80::489:41fe:2feb:b5b3,ff02::fb,MDNS,150,"Standard query 0x0000 PTR _companion-link._tcp.local, ""QU"" question PTR _homekit._tcp.local, ""QU"" question OPT"
266,8.037093,52.115.97.218,192.168.1.106,UDP,117,3480  >  50021 Len=75
267,8.177055,52.115.97.218,192.168.1.106,UDP,117,3480  >  50021 Len=75
268,8.228672,52.115.97.218,192.168.1.106,UDP,117,3480  >  50021 Len=75
269,8.292993,192.168.1.106,185.199.110.154,TCP,55,51095  >  443 [ACK] Seq=1 Ack=1 Win=515 Len=1 [TCP segment of a reassembled PDU]
270,8.294514,192.168.1.106,52.115.97.218,UDP,177,50058  >  3481 Len=135
271,8.358757,185.199.110.154,192.168.1.106,TCP,66,443  >  51095 [ACK] Seq=1 Ack=2 Win=60 Len=0 SLE=1 SRE=2
272,8.367905,192.168.1.135,224.0.0.251,IGMPv2,46,Membership Report group 224.0.0.251
273,8.367905,52.115.97.218,192.168.1.106,UDP,117,3480  >  50021 Len=75
274,8.451765,192.168.1.106,52.115.97.218,UDP,158,50058  >  3481 Len=116
275,8.54449,192.168.1.106,52.115.97.218,UDP,145,50021  >  3480 Len=103
276,8.546514,52.114.6.96,192.168.1.106,TLSv1.2,754,Application Data
277,8.548367,192.168.1.106,52.114.6.96,TLSv1.2,782,Application Data
278,8.556321,192.168.1.106,52.115.97.218,UDP,158,50013  >  3479 Len=116
279,8.556514,192.168.1.106,52.115.97.218,UDP,158,50047  >  3481 Len=116
280,8.588066,192.168.1.106,52.114.6.96,TCP,54,50599  >  443 [ACK] Seq=1 Ack=701 Win=517 Len=0
281,8.65361,52.115.97.218,192.168.1.106,STUN,114,Binding Success Response XOR-MAPPED-ADDRESS: 103.132.174.28:50047
282,8.665265,52.115.97.218,192.168.1.106,STUN,114,Binding Success Response XOR-MAPPED-ADDRESS: 103.132.174.28:50013
283,8.683184,52.114.6.96,192.168.1.106,TCP,54,443  >  50586 [ACK] Seq=1 Ack=729 Win=2050 Len=0
284,8.776667,Cisco-Li_1d:7c:e2,Broadcast,ARP,42,Who has 192.168.1.105? Tell 192.168.1.1
285,8.874802,192.168.1.106,52.115.97.218,UDP,158,50021  >  3480 Len=116
286,8.949405,192.168.1.106,52.115.97.218,UDP,141,50047  >  3481 Len=99
287,8.977328,52.115.97.218,192.168.1.106,STUN,114,Binding Success Response XOR-MAPPED-ADDRESS: 103.132.174.28:50021
288,8.982147,192.168.1.135,224.0.0.251,MDNS,130,"Standard query 0x0000 PTR _companion-link._tcp.local, ""QM"" question PTR _homekit._tcp.local, ""QM"" question OPT"
289,8.984107,fe80::489:41fe:2feb:b5b3,ff02::fb,MDNS,150,"Standard query 0x0000 PTR _companion-link._tcp.local, ""QM"" question PTR _homekit._tcp.local, ""QM"" question OPT"
290,9.044939,52.115.97.218,192.168.1.106,UDP,117,3480  >  50021 Len=75
291,9.127987,52.115.97.218,192.168.1.106,UDP,117,3480  >  50021 Len=75
292,9.22878,192.168.1.106,52.115.97.218,UDP,145,50021  >  3480 Len=103
293,9.295852,192.168.1.106,52.115.97.218,UDP,177,50013  >  3479 Len=135
294,9.313361,52.115.97.218,192.168.1.106,UDP,125,3480  >  50021 Len=83
295,9.462521,192.168.1.106,52.115.97.218,UDP,158,50058  >  3481 Len=116
296,9.524171,52.115.97.218,192.168.1.106,UDP,125,3481  >  50058 Len=83
297,9.61613,52.115.97.218,192.168.1.106,STUN,114,Binding Success Response XOR-MAPPED-ADDRESS: 103.132.174.28:50058
298,9.680926,192.168.1.106,52.115.97.218,UDP,158,50047  >  3481 Len=116
299,9.731706,192.168.1.106,52.115.97.218,UDP,158,50013  >  3479 Len=116
300,9.829791,52.115.97.218,192.168.1.106,STUN,114,Binding Success Response XOR-MAPPED-ADDRESS: 103.132.174.28:50047
301,9.842896,52.115.97.218,192.168.1.106,STUN,114,Binding Success Response XOR-MAPPED-ADDRESS: 103.132.174.28:50013
302,9.897286,192.168.1.106,52.115.97.218,UDP,145,50021  >  3480 Len=103
303,9.945292,52.115.97.218,192.168.1.106,UDP,133,3479  >  50013 Len=91
304,9.95897,192.168.1.106,52.115.97.218,UDP,145,50021  >  3480 Len=103
305,10.00233,192.168.1.106,52.115.97.218,UDP,158,50021  >  3480 Len=116
306,10.047201,192.168.1.106,52.115.97.218,UDP,145,50021  >  3480 Len=103
307,10.112915,192.168.1.106,52.115.97.218,UDP,145,50021  >  3480 Len=103
308,10.147994,52.115.97.218,192.168.1.106,STUN,114,Binding Success Response XOR-MAPPED-ADDRESS: 103.132.174.28:50021
309,10.201046,192.168.1.106,52.115.97.218,UDP,145,50021  >  3480 Len=103
310,10.418037,52.115.97.218,192.168.1.106,UDP,117,3480  >  50021 Len=75
311,10.689168,192.168.1.106,52.115.97.218,UDP,158,50058  >  3481 Len=116
312,10.736948,52.115.97.218,192.168.1.106,UDP,117,3480  >  50021 Len=75
313,10.772008,192.168.1.106,52.114.6.213,TCP,55,51117  >  443 [ACK] Seq=1 Ack=1 Win=515 Len=1 [TCP segment of a reassembled PDU]
314,10.778834,52.115.97.218,192.168.1.106,STUN,114,Binding Success Response XOR-MAPPED-ADDRESS: 103.132.174.28:50058
315,10.783803,192.168.1.106,52.115.97.218,UDP,93,50047  >  3481 Len=51
316,10.783888,192.168.1.106,52.115.97.218,UDP,1269,50047  >  3481 Len=1227
317,10.783935,192.168.1.106,52.115.97.218,UDP,1269,50047  >  3481 Len=1227
318,10.87424,52.114.6.213,192.168.1.106,TCP,66,443  >  51117 [ACK] Seq=1 Ack=2 Win=2053 Len=0 SLE=1 SRE=2
319,10.884749,52.115.97.218,192.168.1.106,UDP,113,3481  >  50047 Len=71
320,10.902146,192.168.1.106,52.115.97.218,UDP,158,50013  >  3479 Len=116
321,10.902291,192.168.1.106,52.115.97.218,UDP,158,50047  >  3481 Len=116
322,10.986277,52.115.97.218,192.168.1.106,STUN,114,Binding Success Response XOR-MAPPED-ADDRESS: 103.132.174.28:50047
323,10.997982,52.115.97.218,192.168.1.106,STUN,114,Binding Success Response XOR-MAPPED-ADDRESS: 103.132.174.28:50013
324,11.086441,52.115.97.218,192.168.1.106,UDP,117,3480  >  50021 Len=75
325,11.20869,52.115.97.218,192.168.1.106,UDP,117,3480  >  50021 Len=75
326,11.220973,192.168.1.106,52.115.97.218,UDP,158,50021  >  3480 Len=116
327,11.311473,52.115.97.218,192.168.1.106,STUN,114,Binding Success Response XOR-MAPPED-ADDRESS: 103.132.174.28:50021
328,11.427582,192.168.1.106,52.115.97.218,UDP,145,50021  >  3480 Len=103
329,11.531323,52.115.97.218,192.168.1.106,UDP,81,3479  >  50013 Len=39
330,11.531872,52.115.97.218,192.168.1.106,UDP,1257,3479  >  50013 Len=1215
331,11.556546,52.115.97.218,192.168.1.106,UDP,125,3480  >  50021 Len=83
332,11.711797,52.115.97.218,192.168.1.106,UDP,117,3480  >  50021 Len=75
333,11.80549,192.168.1.106,52.115.97.218,UDP,158,50058  >  3481 Len=116
334,11.86432,52.115.97.218,192.168.1.106,STUN,114,Binding Success Response XOR-MAPPED-ADDRESS: 103.132.174.28:50058
335,11.871412,192.168.1.106,52.115.97.218,UDP,145,50021  >  3480 Len=103
336,11.951943,192.168.1.135,224.0.0.251,MDNS,130,"Standard query 0x0000 PTR _companion-link._tcp.local, ""QM"" question PTR _homekit._tcp.local, ""QM"" question OPT"
337,11.953506,fe80::489:41fe:2feb:b5b3,ff02::fb,MDNS,150,"Standard query 0x0000 PTR _companion-link._tcp.local, ""QM"" question PTR _homekit._tcp.local, ""QM"" question OPT"
338,11.99889,52.114.16.94,192.168.1.106,TCP,1506,443  >  50508 [ACK] Seq=4931 Ack=793 Win=2049 Len=1452 [TCP segment of a reassembled PDU]
339,11.999438,52.114.16.94,192.168.1.106,TLSv1.2,1060,Application Data
340,11.999548,192.168.1.106,52.114.16.94,TCP,54,50508  >  443 [ACK] Seq=793 Ack=7389 Win=517 Len=0
341,12.000615,192.168.1.106,52.114.16.94,TLSv1.2,449,Application Data
342,12.02148,192.168.1.106,52.115.97.218,UDP,158,50013  >  3479 Len=116
343,12.021612,192.168.1.106,52.115.97.218,UDP,158,50047  >  3481 Len=116
344,12.106129,192.168.1.106,52.115.97.218,UDP,177,50058  >  3481 Len=135
345,12.142058,52.115.97.218,192.168.1.106,UDP,164,3479  >  50013 Len=122
346,12.155043,52.115.97.218,192.168.1.106,STUN,114,Binding Success Response XOR-MAPPED-ADDRESS: 103.132.174.28:50047
347,12.159861,52.115.97.218,192.168.1.106,UDP,166,3479  >  50013 Len=124
348,12.166037,52.115.97.218,192.168.1.106,STUN,114,Binding Success Response XOR-MAPPED-ADDRESS: 103.132.174.28:50013
349,12.181562,52.115.97.218,192.168.1.106,UDP,160,3479  >  50013 Len=118
350,12.203294,52.115.97.218,192.168.1.106,UDP,167,3479  >  50013 Len=125
351,12.210209,52.114.16.94,192.168.1.106,TCP,54,443  >  50508 [ACK] Seq=7389 Ack=1188 Win=2047 Len=0
352,12.223557,52.115.97.218,192.168.1.106,UDP,154,3479  >  50013 Len=112
353,12.240909,52.115.97.218,192.168.1.106,UDP,146,3479  >  50013 Len=104
354,12.261239,52.115.97.218,192.168.1.106,UDP,148,3479  >  50013 Len=106
355,12.281641,52.115.97.218,192.168.1.106,UDP,146,3479  >  50013 Len=104
356,12.300887,52.115.97.218,192.168.1.106,UDP,159,3479  >  50013 Len=117
357,12.323322,52.115.97.218,192.168.1.106,UDP,161,3479  >  50013 Len=119
358,12.341392,52.115.97.218,192.168.1.106,UDP,158,3479  >  50013 Len=116
359,12.36058,52.115.97.218,192.168.1.106,UDP,153,3479  >  50013 Len=111
360,12.37803,192.168.1.106,52.115.97.218,UDP,145,50021  >  3480 Len=103
361,12.382146,52.115.97.218,192.168.1.106,UDP,160,3479  >  50013 Len=118
362,12.383531,192.168.1.106,52.115.97.218,UDP,158,50021  >  3480 Len=116
363,12.4,52.115.97.218,192.168.1.106,UDP,156,3479  >  50013 Len=114
364,12.423647,52.115.97.218,192.168.1.106,UDP,153,3479  >  50013 Len=111
365,12.44213,52.115.97.218,192.168.1.106,UDP,151,3479  >  50013 Len=109
366,12.462466,52.115.97.218,192.168.1.106,UDP,152,3479  >  50013 Len=110
367,12.473674,52.115.97.218,192.168.1.106,STUN,114,Binding Success Response XOR-MAPPED-ADDRESS: 103.132.174.28:50021
368,12.485076,52.115.97.218,192.168.1.106,UDP,149,3479  >  50013 Len=107
369,12.502171,52.115.97.218,192.168.1.106,UDP,143,3479  >  50013 Len=101
370,12.5228,52.115.97.218,192.168.1.106,UDP,144,3479  >  50013 Len=102
371,12.546508,52.115.97.218,192.168.1.106,UDP,145,3479  >  50013 Len=103
372,12.560455,52.115.97.218,192.168.1.106,UDP,154,3479  >  50013 Len=112
373,12.581421,52.115.97.218,192.168.1.106,UDP,140,3479  >  50013 Len=98
374,12.600822,52.115.97.218,192.168.1.106,UDP,143,3479  >  50013 Len=101
375,12.624396,52.115.97.218,192.168.1.106,UDP,151,3479  >  50013 Len=109
376,12.643335,52.115.97.218,192.168.1.106,UDP,150,3479  >  50013 Len=108
377,12.66035,52.115.97.218,192.168.1.106,UDP,139,3479  >  50013 Len=97
378,12.681203,52.115.97.218,192.168.1.106,UDP,80,3479  >  50013 Len=38
379,12.700631,52.115.97.218,192.168.1.106,UDP,127,3479  >  50013 Len=85
380,12.72319,52.115.97.218,192.168.1.106,UDP,127,3479  >  50013 Len=85
381,12.724173,52.115.97.218,192.168.1.106,UDP,133,3479  >  50013 Len=91
382,12.743832,52.115.97.218,192.168.1.106,UDP,148,3479  >  50013 Len=106
383,12.766015,52.115.97.218,192.168.1.106,UDP,139,3479  >  50013 Len=97
384,12.782627,52.115.97.218,192.168.1.106,UDP,80,3479  >  50013 Len=38
385,12.82897,52.115.97.218,192.168.1.106,UDP,117,3480  >  50021 Len=75
386,12.840082,192.168.1.106,52.115.97.218,UDP,141,50021  >  3480 Len=99
387,12.843524,52.115.97.218,192.168.1.106,UDP,105,3479  >  50013 Len=63
388,12.864036,52.115.97.218,192.168.1.106,UDP,168,3479  >  50013 Len=126
389,12.884553,52.115.97.218,192.168.1.106,UDP,175,3479  >  50013 Len=133
390,12.902874,52.115.97.218,192.168.1.106,UDP,172,3479  >  50013 Len=130
391,12.92472,52.115.97.218,192.168.1.106,UDP,167,3479  >  50013 Len=125
392,12.944654,52.115.97.218,192.168.1.106,UDP,174,3479  >  50013 Len=132
393,12.961264,52.115.97.218,192.168.1.106,UDP,176,3479  >  50013 Len=134
394,12.969518,192.168.1.106,52.115.97.218,UDP,158,50058  >  3481 Len=116
395,12.992922,52.115.97.218,192.168.1.106,UDP,173,3479  >  50013 Len=131
396,13.001158,52.115.97.218,192.168.1.106,UDP,183,3479  >  50013 Len=141
397,13.030987,52.115.97.218,192.168.1.106,UDP,175,3479  >  50013 Len=133
398,13.031512,52.115.97.218,192.168.1.106,UDP,117,3479  >  50013 Len=75
399,13.049251,52.115.97.218,192.168.1.106,UDP,174,3479  >  50013 Len=132
400,13.049311,192.168.1.106,52.115.97.218,UDP,145,50021  >  3480 Len=103
401,13.065237,52.115.97.218,192.168.1.106,UDP,186,3479  >  50013 Len=144
402,13.084427,52.115.97.218,192.168.1.106,UDP,184,3479  >  50013 Len=142
403,13.08909,52.115.97.218,192.168.1.106,STUN,114,Binding Success Response XOR-MAPPED-ADDRESS: 103.132.174.28:50058
404,13.102511,52.115.97.218,192.168.1.106,UDP,190,3479  >  50013 Len=148
405,13.126145,52.115.97.218,192.168.1.106,UDP,179,3479  >  50013 Len=137
406,13.143258,52.115.97.218,192.168.1.106,UDP,179,3479  >  50013 Len=137
407,13.16403,52.115.97.218,192.168.1.106,UDP,177,3479  >  50013 Len=135
408,13.180027,52.115.97.218,192.168.1.106,UDP,171,3479  >  50013 Len=129
409,13.20217,52.115.97.218,192.168.1.106,UDP,117,3480  >  50021 Len=75
410,13.212139,52.115.97.218,192.168.1.106,UDP,169,3479  >  50013 Len=127
411,13.227087,52.115.97.218,192.168.1.106,UDP,164,3479  >  50013 Len=122
412,13.230206,192.168.1.106,52.115.97.218,UDP,158,50013  >  3479 Len=116
413,13.230344,192.168.1.106,52.115.97.218,UDP,158,50047  >  3481 Len=116
414,13.243259,52.115.97.218,192.168.1.106,UDP,162,3479  >  50013 Len=120
415,13.243403,52.115.97.218,192.168.1.106,UDP,117,3479  >  50013 Len=75
416,13.265473,52.115.97.218,192.168.1.106,UDP,162,3479  >  50013 Len=120
417,13.265938,52.115.97.218,192.168.1.106,UDP,125,3481  >  50058 Len=83
418,13.283083,52.115.97.218,192.168.1.106,UDP,162,3479  >  50013 Len=120
419,13.301461,52.115.97.218,192.168.1.106,STUN,114,Binding Success Response XOR-MAPPED-ADDRESS: 103.132.174.28:50047
420,13.308006,52.115.97.218,192.168.1.106,UDP,154,3479  >  50013 Len=112
421,13.313414,52.115.97.218,192.168.1.106,STUN,114,Binding Success Response XOR-MAPPED-ADDRESS: 103.132.174.28:50013
422,13.329341,52.115.97.218,192.168.1.106,UDP,156,3479  >  50013 Len=114
423,13.34324,52.115.97.218,192.168.1.106,UDP,161,3479  >  50013 Len=119
424,13.363066,52.115.97.218,192.168.1.106,UDP,146,3479  >  50013 Len=104
425,13.384768,52.115.97.218,192.168.1.106,UDP,143,3479  >  50013 Len=101
426,13.400515,52.115.97.218,192.168.1.106,UDP,84,3479  >  50013 Len=42
427,13.414629,52.115.97.218,192.168.1.106,UDP,113,3481  >  50047 Len=71
428,13.444618,52.115.97.218,192.168.1.106,UDP,153,3479  >  50013 Len=111
429,13.445316,52.115.97.218,192.168.1.106,UDP,117,3479  >  50013 Len=75
430,13.46349,52.115.97.218,192.168.1.106,UDP,158,3479  >  50013 Len=116
431,13.486272,52.115.97.218,192.168.1.106,UDP,156,3479  >  50013 Len=114
432,13.506434,52.115.97.218,192.168.1.106,UDP,119,3479  >  50013 Len=77
433,13.534639,52.115.97.218,192.168.1.106,UDP,147,3479  >  50013 Len=105
434,13.54739,192.168.1.106,52.115.97.218,UDP,158,50021  >  3480 Len=116
435,13.549271,52.115.97.218,192.168.1.106,UDP,146,3479  >  50013 Len=104
436,13.573073,52.115.97.218,192.168.1.106,UDP,139,3479  >  50013 Len=97
437,13.593747,52.115.97.218,192.168.1.106,UDP,136,3479  >  50013 Len=94
438,13.593747,52.115.97.218,192.168.1.106,UDP,117,3480  >  50021 Len=75
439,13.603729,52.115.97.218,192.168.1.106,UDP,139,3479  >  50013 Len=97
440,13.624587,52.115.97.218,192.168.1.106,STUN,114,Binding Success Response XOR-MAPPED-ADDRESS: 103.132.174.28:50021
441,13.62877,52.115.97.218,192.168.1.106,UDP,140,3479  >  50013 Len=98
442,13.644415,52.115.97.218,192.168.1.106,UDP,142,3479  >  50013 Len=100
443,13.667655,52.115.97.218,192.168.1.106,UDP,142,3479  >  50013 Len=100
444,13.668113,52.115.97.218,192.168.1.106,UDP,117,3479  >  50013 Len=75
445,13.687294,52.115.97.218,192.168.1.106,UDP,141,3479  >  50013 Len=99
446,13.705392,52.115.97.218,192.168.1.106,UDP,137,3479  >  50013 Len=95
447,13.726899,52.115.97.218,192.168.1.106,UDP,140,3479  >  50013 Len=98
448,13.744417,52.115.97.218,192.168.1.106,UDP,138,3479  >  50013 Len=96
449,13.763512,52.115.97.218,192.168.1.106,UDP,141,3479  >  50013 Len=99
450,13.781581,52.115.97.218,192.168.1.106,UDP,144,3479  >  50013 Len=102
451,13.800974,52.115.97.218,192.168.1.106,UDP,144,3479  >  50013 Len=102
452,13.826171,52.115.97.218,192.168.1.106,UDP,144,3479  >  50013 Len=102
453,13.841432,52.115.97.218,192.168.1.106,UDP,148,3479  >  50013 Len=106
454,13.860659,52.115.97.218,192.168.1.106,UDP,117,3480  >  50021 Len=75
455,13.865321,52.115.97.218,192.168.1.106,UDP,139,3479  >  50013 Len=97
456,13.866385,52.115.97.218,192.168.1.106,UDP,117,3479  >  50013 Len=75
457,13.900537,52.115.97.218,192.168.1.106,UDP,143,3479  >  50013 Len=101
458,13.900537,52.115.97.218,192.168.1.106,UDP,136,3479  >  50013 Len=94
459,13.922991,52.115.97.218,192.168.1.106,UDP,157,3479  >  50013 Len=115
460,13.946893,52.115.97.218,192.168.1.106,UDP,158,3479  >  50013 Len=116
461,13.963635,52.115.97.218,192.168.1.106,UDP,145,3479  >  50013 Len=103
462,13.984312,52.115.97.218,192.168.1.106,UDP,150,3479  >  50013 Len=108
463,14.004738,52.115.97.218,192.168.1.106,UDP,165,3479  >  50013 Len=123
464,14.025145,52.115.97.218,192.168.1.106,UDP,162,3479  >  50013 Len=120
465,14.046425,52.115.97.218,192.168.1.106,UDP,157,3479  >  50013 Len=115
466,14.063031,52.115.97.218,192.168.1.106,UDP,84,3479  >  50013 Len=42
467,14.090504,192.168.1.106,52.115.97.218,UDP,141,50047  >  3481 Len=99
468,14.090653,192.168.1.106,52.115.97.218,UDP,145,50021  >  3480 Len=103
469,14.169526,192.168.1.106,52.115.97.218,UDP,158,50058  >  3481 Len=116
470,14.190052,52.115.97.218,192.168.1.106,UDP,117,3480  >  50021 Len=75
471,14.254038,52.115.97.218,192.168.1.106,STUN,114,Binding Success Response XOR-MAPPED-ADDRESS: 103.132.174.28:50058
472,14.29137,52.115.97.218,192.168.1.106,UDP,117,3480  >  50021 Len=75
473,14.301079,52.115.97.218,192.168.1.106,UDP,134,3479  >  50013 Len=92
474,14.327555,192.168.1.106,52.115.97.218,UDP,145,50021  >  3480 Len=103
475,14.342088,52.115.97.218,192.168.1.106,UDP,125,3479  >  50013 Len=83
476,14.344568,52.115.97.218,192.168.1.106,UDP,149,3479  >  50013 Len=107
477,14.359804,52.115.97.218,192.168.1.106,UDP,148,3479  >  50013 Len=106
478,14.383336,192.168.1.106,52.115.97.218,UDP,158,50013  >  3479 Len=116
479,14.383668,52.115.97.218,192.168.1.106,UDP,140,3479  >  50013 Len=98
480,14.38369,192.168.1.106,52.115.97.218,UDP,158,50047  >  3481 Len=116
481,14.401363,52.115.97.218,192.168.1.106,UDP,143,3479  >  50013 Len=101
482,14.422794,52.115.97.218,192.168.1.106,UDP,134,3479  >  50013 Len=92
483,14.442834,52.115.97.218,192.168.1.106,UDP,147,3479  >  50013 Len=105
484,14.463031,52.115.97.218,192.168.1.106,STUN,114,Binding Success Response XOR-MAPPED-ADDRESS: 103.132.174.28:50047
485,14.466369,52.115.97.218,192.168.1.106,UDP,119,3479  >  50013 Len=77
486,14.475408,52.115.97.218,192.168.1.106,STUN,114,Binding Success Response XOR-MAPPED-ADDRESS: 103.132.174.28:50013
487,14.484416,52.115.97.218,192.168.1.106,UDP,160,3479  >  50013 Len=118
488,14.5037,52.115.97.218,192.168.1.106,UDP,138,3479  >  50013 Len=96
489,14.526936,52.115.97.218,192.168.1.106,UDP,137,3479  >  50013 Len=95
490,14.54065,52.115.97.218,192.168.1.106,UDP,144,3479  >  50013 Len=102
491,14.561975,52.115.97.218,192.168.1.106,UDP,146,3479  >  50013 Len=104
492,14.583822,52.115.97.218,192.168.1.106,UDP,139,3479  >  50013 Len=97
493,14.600346,52.115.97.218,192.168.1.106,UDP,134,3479  >  50013 Len=92
494,14.630147,52.115.97.218,192.168.1.106,UDP,147,3479  >  50013 Len=105
495,14.641434,52.115.97.218,192.168.1.106,UDP,144,3479  >  50013 Len=102
496,14.668344,52.115.97.218,192.168.1.106,UDP,148,3479  >  50013 Len=106
497,14.681647,52.115.97.218,192.168.1.106,UDP,142,3479  >  50013 Len=100
498,14.691625,192.168.1.106,52.115.97.218,UDP,158,50021  >  3480 Len=116
499,14.702891,52.115.97.218,192.168.1.106,UDP,143,3479  >  50013 Len=101
500,14.723521,52.115.97.218,192.168.1.106,UDP,138,3479  >  50013 Len=96
501,14.730116,192.168.1.106,52.115.97.218,UDP,145,50021  >  3480 Len=103
502,14.742439,52.115.97.218,192.168.1.106,UDP,143,3479  >  50013 Len=101
503,14.748495,52.115.97.218,192.168.1.106,UDP,117,3480  >  50021 Len=75
504,14.763344,52.115.97.218,192.168.1.106,UDP,143,3479  >  50013 Len=101
505,14.782453,52.115.97.218,192.168.1.106,UDP,139,3479  >  50013 Len=97
506,14.783224,52.115.97.218,192.168.1.106,STUN,114,Binding Success Response XOR-MAPPED-ADDRESS: 103.132.174.28:50021
507,14.802366,192.168.1.106,52.115.97.218,UDP,93,50047  >  3481 Len=51
508,14.802479,192.168.1.106,52.115.97.218,UDP,1269,50047  >  3481 Len=1227
509,14.802532,192.168.1.106,52.115.97.218,UDP,1269,50047  >  3481 Len=1227
510,14.803751,52.115.97.218,192.168.1.106,UDP,140,3479  >  50013 Len=98
511,14.808191,192.168.1.106,52.115.97.218,UDP,237,50013  >  3479 Len=195
512,14.817429,52.115.97.218,192.168.1.106,UDP,117,3480  >  50021 Len=75
513,14.825382,52.115.97.218,192.168.1.106,UDP,84,3479  >  50013 Len=42
514,14.847427,52.115.97.218,192.168.1.106,UDP,149,3479  >  50013 Len=107
515,14.865461,52.115.97.218,192.168.1.106,UDP,184,3479  >  50013 Len=142
516,14.888343,52.115.97.218,192.168.1.106,UDP,178,3479  >  50013 Len=136
517,14.901325,52.115.97.218,192.168.1.106,UDP,178,3479  >  50013 Len=136
518,14.928262,52.115.97.218,192.168.1.106,UDP,177,3479  >  50013 Len=135
519,14.940503,52.115.97.218,192.168.1.106,UDP,175,3479  >  50013 Len=133
520,14.963688,52.115.97.218,192.168.1.106,UDP,176,3479  >  50013 Len=134
521,14.983863,52.115.97.218,192.168.1.106,UDP,172,3479  >  50013 Len=130
522,15.009244,52.115.97.218,192.168.1.106,UDP,183,3479  >  50013 Len=141
523,15.026331,52.115.97.218,192.168.1.106,UDP,181,3479  >  50013 Len=139
524,15.041325,52.115.97.218,192.168.1.106,UDP,167,3479  >  50013 Len=125
525,15.062673,52.115.97.218,192.168.1.106,UDP,168,3479  >  50013 Len=126
526,15.084165,52.115.97.218,192.168.1.106,UDP,165,3479  >  50013 Len=123
527,15.103732,52.115.97.218,192.168.1.106,UDP,163,3479  >  50013 Len=121
528,15.129189,52.115.97.218,192.168.1.106,UDP,164,3479  >  50013 Len=122
529,15.14428,52.115.97.218,192.168.1.106,UDP,161,3479  >  50013 Len=119
530,15.149216,192.168.1.106,52.115.97.218,UDP,145,50021  >  3480 Len=103
531,15.154548,192.168.1.106,52.115.97.218,UDP,145,50021  >  3480 Len=103
532,15.161319,52.115.97.218,192.168.1.106,UDP,162,3479  >  50013 Len=120
533,15.184725,52.115.97.218,192.168.1.106,UDP,163,3479  >  50013 Len=121
534,15.206554,52.115.97.218,192.168.1.106,UDP,164,3479  >  50013 Len=122
535,15.219396,52.115.97.218,192.168.1.106,UDP,117,3480  >  50021 Len=75
536,15.228775,52.115.97.218,192.168.1.106,UDP,166,3479  >  50013 Len=124
537,15.242585,52.115.97.218,192.168.1.106,UDP,164,3479  >  50013 Len=122
538,15.268436,52.115.97.218,192.168.1.106,UDP,158,3479  >  50013 Len=116
539,15.280619,52.115.97.218,192.168.1.106,UDP,151,3479  >  50013 Len=109
540,15.280718,192.168.1.106,52.115.97.218,UDP,145,50021  >  3480 Len=103
541,15.30747,52.115.97.218,192.168.1.106,UDP,149,3479  >  50013 Len=107
542,15.321084,52.115.97.218,192.168.1.106,UDP,153,3479  >  50013 Len=111
543,15.33509,192.168.1.106,52.115.97.218,UDP,158,50058  >  3481 Len=116
544,15.335195,192.168.1.106,52.114.45.47,STUN,264,"Allocate Request bandwidth: 350 realm: Qo\336\360\256"" \242\036IKQ\227 ^\3032\207Y\223 with nonce[Malformed Packet]"
545,15.335261,192.168.1.106,52.114.45.53,STUN,264,Allocate Request bandwidth: 350 realm: \215-\356\t\006\373\234\331\335\324\212\362\271\005(\301\202Hxl with nonce[Malformed Packet]
546,15.342574,52.115.97.218,192.168.1.106,UDP,147,3479  >  50013 Len=105
547,15.368521,52.115.97.218,192.168.1.106,UDP,147,3479  >  50013 Len=105
548,15.382911,52.115.97.218,192.168.1.106,UDP,84,3479  >  50013 Len=42
549,15.400798,52.115.97.218,192.168.1.106,UDP,128,3479  >  50013 Len=86
550,15.424881,52.115.97.218,192.168.1.106,UDP,150,3479  >  50013 Len=108
551,15.424881,52.115.97.218,192.168.1.106,STUN,114,Binding Success Response XOR-MAPPED-ADDRESS: 103.132.174.28:50058
552,15.444975,52.115.97.218,192.168.1.106,UDP,150,3479  >  50013 Len=108
553,15.463889,52.115.97.218,192.168.1.106,UDP,141,3479  >  50013 Len=99
554,15.470005,52.114.45.53,192.168.1.106,STUN,195,Allocate Success Response lifetime: 60 MAPPED-ADDRESS: 52.114.45.53:3481 XOR-MAPPED-ADDRESS: 103.132.174.28:50047[Malformed Packet]
555,15.47012,52.114.45.47,192.168.1.106,STUN,195,Allocate Success Response lifetime: 60 MAPPED-ADDRESS: 52.114.45.47:3481 XOR-MAPPED-ADDRESS: 103.132.174.28:50058[Malformed Packet]
556,15.482869,52.115.97.218,192.168.1.106,UDP,143,3479  >  50013 Len=101
557,15.494871,192.168.1.106,52.115.97.218,UDP,158,50013  >  3479 Len=116
558,15.495034,192.168.1.106,52.115.97.218,UDP,158,50047  >  3481 Len=116
559,15.501672,52.115.97.218,192.168.1.106,UDP,125,3480  >  50021 Len=83
560,15.505242,52.115.97.218,192.168.1.106,UDP,137,3479  >  50013 Len=95
561,15.520933,52.115.97.218,192.168.1.106,UDP,144,3479  >  50013 Len=102
562,15.540755,52.115.97.218,192.168.1.106,UDP,81,3479  >  50013 Len=39
563,15.540983,52.115.97.218,192.168.1.106,UDP,1257,3479  >  50013 Len=1215
564,15.544771,52.115.97.218,192.168.1.106,UDP,139,3479  >  50013 Len=97
565,15.563792,52.115.97.218,192.168.1.106,UDP,140,3479  >  50013 Len=98
566,15.584588,52.115.97.218,192.168.1.106,UDP,138,3479  >  50013 Len=96
567,15.604009,52.115.97.218,192.168.1.106,UDP,170,3479  >  50013 Len=128
568,15.63117,52.115.97.218,192.168.1.106,UDP,184,3479  >  50013 Len=142
569,15.632873,52.115.97.218,192.168.1.106,STUN,114,Binding Success Response XOR-MAPPED-ADDRESS: 103.132.174.28:50047
570,15.645194,52.115.97.218,192.168.1.106,STUN,114,Binding Success Response XOR-MAPPED-ADDRESS: 103.132.174.28:50013
571,15.647443,52.115.97.218,192.168.1.106,UDP,172,3479  >  50013 Len=130
572,15.662763,52.115.97.218,192.168.1.106,UDP,150,3479  >  50013 Len=108
573,15.68148,52.115.97.218,192.168.1.106,UDP,150,3479  >  50013 Len=108
574,15.705401,52.115.97.218,192.168.1.106,UDP,173,3479  >  50013 Len=131
575,15.729969,52.115.97.218,192.168.1.106,UDP,143,3479  >  50013 Len=101
576,15.745789,52.115.97.218,192.168.1.106,UDP,140,3479  >  50013 Len=98
577,15.749099,192.168.1.106,52.115.97.218,UDP,145,50021  >  3480 Len=103
578,15.761662,52.115.97.218,192.168.1.106,UDP,137,3479  >  50013 Len=95
579,15.78705,52.115.97.218,192.168.1.106,UDP,136,3479  >  50013 Len=94
580,15.801749,52.115.97.218,192.168.1.106,UDP,137,3479  >  50013 Len=95
581,15.811533,192.168.1.106,52.115.97.218,UDP,158,50021  >  3480 Len=116
582,15.820768,52.115.97.218,192.168.1.106,UDP,138,3479  >  50013 Len=96
583,15.844133,52.115.97.218,192.168.1.106,UDP,141,3479  >  50013 Len=99
584,15.866512,52.115.97.218,192.168.1.106,UDP,141,3479  >  50013 Len=99
585,15.88074,52.115.97.218,192.168.1.106,UDP,139,3479  >  50013 Len=97
586,15.903653,52.115.97.218,192.168.1.106,UDP,139,3479  >  50013 Len=97
587,15.92267,52.115.97.218,192.168.1.106,UDP,143,3479  >  50013 Len=101
588,15.925469,52.115.97.218,192.168.1.106,UDP,125,3481  >  50058 Len=83
589,15.944195,52.115.97.218,192.168.1.106,UDP,139,3479  >  50013 Len=97
590,15.95443,52.115.97.218,192.168.1.106,STUN,114,Binding Success Response XOR-MAPPED-ADDRESS: 103.132.174.28:50021
591,15.96939,52.115.97.218,192.168.1.106,UDP,135,3479  >  50013 Len=93
592,15.981901,52.115.97.218,192.168.1.106,UDP,122,3479  >  50013 Len=80
593,16.002061,52.115.97.218,192.168.1.106,UDP,121,3479  >  50013 Len=79
594,16.024844,52.115.97.218,192.168.1.106,UDP,125,3479  >  50013 Len=83
595,16.042669,52.115.97.218,192.168.1.106,UDP,118,3479  >  50013 Len=76
596,16.063122,52.115.97.218,192.168.1.106,UDP,126,3479  >  50013 Len=84
597,16.085123,52.115.97.218,192.168.1.106,UDP,123,3479  >  50013 Len=81
598,16.105046,52.115.97.218,192.168.1.106,UDP,119,3479  >  50013 Len=77
599,16.125442,52.115.97.218,192.168.1.106,UDP,118,3479  >  50013 Len=76
600,16.148709,52.115.97.218,192.168.1.106,UDP,124,3479  >  50013 Len=82
601,16.162482,52.115.97.218,192.168.1.106,UDP,116,3479  >  50013 Len=74
602,16.181356,52.115.97.218,192.168.1.106,UDP,127,3479  >  50013 Len=85
603,16.204879,52.115.97.218,192.168.1.106,UDP,116,3479  >  50013 Len=74
604,16.213887,192.168.1.106,52.115.97.218,UDP,141,50047  >  3481 Len=99
605,16.22408,52.115.97.218,192.168.1.106,UDP,126,3479  >  50013 Len=84
606,16.245097,52.115.97.218,192.168.1.106,UDP,126,3479  >  50013 Len=84
607,16.267294,52.115.97.218,192.168.1.106,UDP,114,3479  >  50013 Len=72
608,16.282376,52.115.97.218,192.168.1.106,UDP,125,3479  >  50013 Len=83
609,16.300616,52.115.97.218,192.168.1.106,UDP,84,3479  >  50013 Len=42
610,16.377962,52.115.97.218,192.168.1.106,UDP,117,3480  >  50021 Len=75
611,16.378992,192.168.1.106,52.115.97.218,UDP,177,50058  >  3481 Len=135
612,16.452435,192.168.1.106,52.115.97.218,UDP,158,50058  >  3481 Len=116
613,16.586457,52.115.97.218,192.168.1.106,STUN,114,Binding Success Response XOR-MAPPED-ADDRESS: 103.132.174.28:50058
614,16.653417,52.111.244.0,192.168.1.106,TLSv1.2,105,Application Data
615,16.66433,52.115.97.218,192.168.1.106,UDP,133,3479  >  50013 Len=91
616,16.691015,52.115.97.218,192.168.1.106,UDP,160,3479  >  50013 Len=118
617,16.695056,192.168.1.106,52.111.244.0,TCP,54,50584  >  443 [ACK] Seq=1 Ack=103 Win=516 Len=0
618,16.708594,52.115.97.218,192.168.1.106,UDP,158,3479  >  50013 Len=116
619,16.708847,192.168.1.106,52.115.97.218,UDP,158,50013  >  3479 Len=116
620,16.709022,192.168.1.106,52.115.97.218,UDP,158,50047  >  3481 Len=116
621,16.72451,52.115.97.218,192.168.1.106,UDP,142,3479  >  50013 Len=100
622,16.745873,52.115.97.218,192.168.1.106,UDP,147,3479  >  50013 Len=105
623,16.765108,52.115.97.218,192.168.1.106,UDP,137,3479  >  50013 Len=95
624,16.780335,52.115.97.218,192.168.1.106,UDP,136,3479  >  50013 Len=94
625,16.795998,52.115.97.218,192.168.1.106,STUN,114,Binding Success Response XOR-MAPPED-ADDRESS: 103.132.174.28:50047
626,16.80198,52.115.97.218,192.168.1.106,UDP,141,3479  >  50013 Len=99
627,16.808101,52.115.97.218,192.168.1.106,STUN,114,Binding Success Response XOR-MAPPED-ADDRESS: 103.132.174.28:50013
628,16.820714,52.115.97.218,192.168.1.106,UDP,145,3479  >  50013 Len=103
629,16.845845,52.115.97.218,192.168.1.106,UDP,141,3479  >  50013 Len=99
630,16.856103,52.115.97.218,192.168.1.106,UDP,117,3480  >  50021 Len=75
631,16.867026,52.115.97.218,192.168.1.106,UDP,138,3479  >  50013 Len=96
632,16.885162,52.115.97.218,192.168.1.106,UDP,135,3479  >  50013 Len=93
633,16.899498,52.115.97.218,192.168.1.106,UDP,135,3479  >  50013 Len=93
634,16.919469,52.111.244.0,192.168.1.106,TLSv1.2,85,Application Data
635,16.919716,192.168.1.106,52.111.244.0,TLSv1.2,89,Application Data
636,16.921625,192.168.1.106,52.115.97.218,UDP,145,50021  >  3480 Len=103
637,16.926304,52.115.97.218,192.168.1.106,UDP,136,3479  >  50013 Len=94
638,16.941993,192.168.1.106,151.101.0.133,TCP,55,51094  >  443 [ACK] Seq=1 Ack=1 Win=511 Len=1 [TCP segment of a reassembled PDU]
639,16.942604,52.115.97.218,192.168.1.106,UDP,167,3479  >  50013 Len=125
640,16.949781,52.111.244.0,192.168.1.106,TCP,54,443  >  50584 [ACK] Seq=134 Ack=36 Win=16424 Len=0
641,16.967482,52.115.97.218,192.168.1.106,UDP,147,3479  >  50013 Len=105
642,16.977529,192.168.1.106,52.115.97.218,UDP,158,50021  >  3480 Len=116
643,16.988005,52.115.97.218,192.168.1.106,UDP,145,3479  >  50013 Len=103
644,17.015954,52.115.97.218,192.168.1.106,UDP,141,3479  >  50013 Len=99
645,17.016859,151.101.0.133,192.168.1.106,TCP,66,443  >  51094 [ACK] Seq=1 Ack=2 Win=64 Len=0 SLE=1 SRE=2
646,17.021316,52.115.97.218,192.168.1.106,UDP,147,3479  >  50013 Len=105
647,17.046809,52.115.97.218,192.168.1.106,UDP,140,3479  >  50013 Len=98
648,17.061561,52.115.97.218,192.168.1.106,UDP,146,3479  >  50013 Len=104
649,17.077426,192.168.1.106,151.101.0.133,TCP,55,51101  >  443 [ACK] Seq=1 Ack=1 Win=513 Len=1 [TCP segment of a reassembled PDU]
650,17.084023,52.115.97.218,192.168.1.106,UDP,154,3479  >  50013 Len=112
651,17.105839,52.115.97.218,192.168.1.106,UDP,163,3479  >  50013 Len=121
652,17.113615,52.115.97.218,192.168.1.106,STUN,114,Binding Success Response XOR-MAPPED-ADDRESS: 103.132.174.28:50021
653,17.125235,52.115.97.218,192.168.1.106,UDP,145,3479  >  50013 Len=103
654,17.137496,52.115.97.218,192.168.1.106,UDP,117,3480  >  50021 Len=75
655,17.141821,52.115.97.218,192.168.1.106,UDP,139,3479  >  50013 Len=97
656,17.159731,151.101.0.133,192.168.1.106,TCP,66,443  >  51101 [ACK] Seq=1 Ack=2 Win=62 Len=0 SLE=1 SRE=2
657,17.16366,52.115.97.218,192.168.1.106,UDP,144,3479  >  50013 Len=102
658,17.181314,52.115.97.218,192.168.1.106,UDP,141,3479  >  50013 Len=99
659,17.207041,52.115.97.218,192.168.1.106,UDP,125,3479  >  50013 Len=83
660,17.225699,52.115.97.218,192.168.1.106,UDP,119,3479  >  50013 Len=77
661,17.242658,52.115.97.218,192.168.1.106,UDP,124,3479  >  50013 Len=82
662,17.260674,192.168.1.106,52.115.97.218,UDP,145,50021  >  3480 Len=103
663,17.262457,52.115.97.218,192.168.1.106,UDP,128,3479  >  50013 Len=86
664,17.286181,52.115.97.218,192.168.1.106,UDP,127,3479  >  50013 Len=85
665,17.30627,52.115.97.218,192.168.1.106,UDP,123,3479  >  50013 Len=81
666,17.326199,52.115.97.218,192.168.1.106,UDP,130,3479  >  50013 Len=88
667,17.341654,52.115.97.218,192.168.1.106,UDP,125,3479  >  50013 Len=83
668,17.365109,52.115.97.218,192.168.1.106,UDP,129,3479  >  50013 Len=87
669,17.380353,52.115.97.218,192.168.1.106,UDP,132,3479  >  50013 Len=90
670,17.40134,52.115.97.218,192.168.1.106,UDP,127,3479  >  50013 Len=85
671,17.420758,52.115.97.218,192.168.1.106,UDP,132,3479  >  50013 Len=90
672,17.432102,52.115.97.218,192.168.1.106,UDP,113,3481  >  50047 Len=71
673,17.446334,52.115.97.218,192.168.1.106,UDP,84,3479  >  50013 Len=42
674,17.475885,192.168.1.106,52.115.97.218,UDP,141,50021  >  3480 Len=99
675,17.49371,192.168.1.106,140.82.112.25,TCP,55,51107  >  443 [ACK] Seq=1 Ack=1 Win=512 Len=1 [TCP segment of a reassembled PDU]
676,17.572637,192.168.1.106,52.115.97.218,UDP,145,50021  >  3480 Len=103
677,17.586085,52.115.97.218,192.168.1.106,UDP,136,3479  >  50013 Len=94
678,17.595537,52.115.97.218,192.168.1.106,UDP,125,3480  >  50021 Len=83
679,17.606963,52.115.97.218,192.168.1.106,UDP,145,3479  >  50013 Len=103
680,17.620316,52.115.97.218,192.168.1.106,UDP,137,3479  >  50013 Len=95
681,17.642236,52.115.97.218,192.168.1.106,UDP,139,3479  >  50013 Len=97
682,17.656831,192.168.1.106,52.115.97.218,UDP,158,50058  >  3481 Len=116
683,17.660224,52.115.97.218,192.168.1.106,UDP,147,3479  >  50013 Len=105
684,17.684458,52.115.97.218,192.168.1.106,UDP,146,3479  >  50013 Len=104
685,17.706734,52.115.97.218,192.168.1.106,UDP,132,3479  >  50013 Len=90
686,17.72181,192.168.1.106,52.115.97.218,UDP,145,50021  >  3480 Len=103
687,17.723648,52.115.97.218,192.168.1.106,UDP,171,3479  >  50013 Len=129
688,17.723918,52.115.97.218,192.168.1.106,UDP,117,3480  >  50021 Len=75
689,17.745841,52.115.97.218,192.168.1.106,UDP,161,3479  >  50013 Len=119
690,17.751845,52.115.97.218,192.168.1.106,STUN,114,Binding Success Response XOR-MAPPED-ADDRESS: 103.132.174.28:50058
691,17.76736,52.115.97.218,192.168.1.106,UDP,157,3479  >  50013 Len=115
692,17.770606,192.168.1.106,52.115.97.218,UDP,145,50021  >  3480 Len=103
693,17.786957,52.115.97.218,192.168.1.106,UDP,148,3479  >  50013 Len=106
694,17.788368,192.168.1.106,103.10.124.164,TLSv1.2,112,Application Data
695,17.792078,140.82.112.25,192.168.1.106,TCP,66,443  >  51107 [ACK] Seq=1 Ack=2 Win=69 Len=0 SLE=1 SRE=2
696,17.80697,52.115.97.218,192.168.1.106,UDP,132,3479  >  50013 Len=90
697,17.807782,52.114.16.94,192.168.1.106,TCP,1506,443  >  50508 [ACK] Seq=7389 Ack=1188 Win=2047 Len=1452 [TCP segment of a reassembled PDU]
698,17.807782,52.114.16.94,192.168.1.106,TLSv1.2,1073,Application Data
699,17.807927,192.168.1.106,52.114.16.94,TCP,54,50508  >  443 [ACK] Seq=1188 Ack=9860 Win=517 Len=0
700,17.809292,192.168.1.106,52.114.16.94,TLSv1.2,450,Application Data
701,17.823991,52.115.97.218,192.168.1.106,UDP,143,3479  >  50013 Len=101
702,17.845432,52.115.97.218,192.168.1.106,UDP,144,3479  >  50013 Len=102
703,17.860782,52.115.97.218,192.168.1.106,UDP,144,3479  >  50013 Len=102
704,17.871035,52.115.97.218,192.168.1.106,UDP,117,3480  >  50021 Len=75
705,17.872744,192.168.1.106,52.115.97.218,UDP,158,50013  >  3479 Len=116
706,17.872847,192.168.1.106,52.115.97.218,UDP,158,50047  >  3481 Len=116
707,17.882718,52.115.97.218,192.168.1.106,UDP,117,3479  >  50013 Len=75
708,17.900512,52.115.97.218,192.168.1.106,UDP,159,3479  >  50013 Len=117
709,17.905125,103.10.124.164,192.168.1.106,TCP,54,27025  >  50563 [ACK] Seq=1 Ack=59 Win=1023 Len=0
710,17.924525,52.115.97.218,192.168.1.106,UDP,143,3479  >  50013 Len=101
711,17.941244,52.115.97.218,192.168.1.106,UDP,136,3479  >  50013 Len=94
712,17.966559,52.115.97.218,192.168.1.106,STUN,114,Binding Success Response XOR-MAPPED-ADDRESS: 103.132.174.28:50047
713,17.966559,52.115.97.218,192.168.1.106,UDP,137,3479  >  50013 Len=95
714,17.975649,52.115.97.218,192.168.1.106,STUN,114,Binding Success Response XOR-MAPPED-ADDRESS: 103.132.174.28:50013
715,17.983838,52.115.97.218,192.168.1.106,UDP,136,3479  >  50013 Len=94
716,18.007071,52.115.97.218,192.168.1.106,UDP,166,3479  >  50013 Len=124
717,18.012154,52.114.16.94,192.168.1.106,TCP,54,443  >  50508 [ACK] Seq=9860 Ack=1584 Win=2053 Len=0
718,18.019908,52.115.97.218,192.168.1.106,UDP,173,3479  >  50013 Len=131
719,18.029475,52.115.97.218,192.168.1.106,UDP,125,3481  >  50058 Len=83
720,18.0432,52.115.97.218,192.168.1.106,UDP,176,3479  >  50013 Len=134
721,18.096423,52.115.97.218,192.168.1.106,UDP,173,3479  >  50013 Len=131
722,18.100481,52.115.97.218,192.168.1.106,UDP,171,3479  >  50013 Len=129
723,18.126112,52.115.97.218,192.168.1.106,UDP,152,3479  >  50013 Len=110
724,18.136028,52.115.97.218,192.168.1.106,UDP,117,3480  >  50021 Len=75
725,18.145623,52.115.97.218,192.168.1.106,UDP,141,3479  >  50013 Len=99
726,18.160338,52.115.97.218,192.168.1.106,UDP,138,3479  >  50013 Len=96
727,18.182483,52.115.97.218,192.168.1.106,UDP,163,3479  >  50013 Len=121
728,18.182953,52.115.97.218,192.168.1.106,UDP,133,3479  >  50013 Len=91
729,18.190489,192.168.1.106,52.115.97.218,UDP,158,50021  >  3480 Len=116
730,18.201694,52.115.97.218,192.168.1.106,UDP,142,3479  >  50013 Len=100
731,18.231116,52.115.97.218,192.168.1.106,UDP,139,3479  >  50013 Len=97
732,18.24495,52.115.97.218,192.168.1.106,UDP,134,3479  >  50013 Len=92
733,18.261853,52.115.97.218,192.168.1.106,UDP,139,3479  >  50013 Len=97
734,18.285056,52.115.97.218,192.168.1.106,STUN,114,Binding Success Response XOR-MAPPED-ADDRESS: 103.132.174.28:50021
735,18.287729,52.115.97.218,192.168.1.106,UDP,136,3479  >  50013 Len=94
736,18.304039,52.115.97.218,192.168.1.106,UDP,135,3479  >  50013 Len=93
737,18.310522,52.114.14.159,192.168.1.106,TLSv1.2,388,Application Data
738,18.320844,192.168.1.106,52.114.14.159,TLSv1.2,1117,Application Data
739,18.322418,52.115.97.218,192.168.1.106,UDP,130,3479  >  50013 Len=88
740,18.344314,52.115.97.218,192.168.1.106,UDP,144,3479  >  50013 Len=102
741,18.366518,52.115.97.218,192.168.1.106,UDP,169,3479  >  50013 Len=127
742,18.382023,52.115.97.218,192.168.1.106,UDP,156,3479  >  50013 Len=114
743,18.401668,52.115.97.218,192.168.1.106,UDP,137,3479  >  50013 Len=95
744,18.42478,52.115.97.218,192.168.1.106,UDP,142,3479  >  50013 Len=100
745,18.432778,52.114.14.159,192.168.1.106,TCP,54,443  >  50551 [ACK] Seq=335 Ack=1064 Win=2053 Len=0
746,18.441816,52.115.97.218,192.168.1.106,UDP,157,3479  >  50013 Len=115
747,18.461909,52.115.97.218,192.168.1.106,UDP,142,3479  >  50013 Len=100
748,18.483795,52.115.97.218,192.168.1.106,UDP,145,3479  >  50013 Len=103
749,18.504039,52.115.97.218,192.168.1.106,UDP,139,3479  >  50013 Len=97
750,18.532363,52.115.97.218,192.168.1.106,UDP,144,3479  >  50013 Len=102
751,18.549782,52.115.97.218,192.168.1.106,UDP,137,3479  >  50013 Len=95
752,18.568715,52.115.97.218,192.168.1.106,UDP,140,3479  >  50013 Len=98
753,18.582759,52.115.97.218,192.168.1.106,UDP,141,3479  >  50013 Len=99
754,18.588317,52.115.97.218,192.168.1.106,UDP,117,3480  >  50021 Len=75
755,18.606124,52.115.97.218,192.168.1.106,UDP,140,3479  >  50013 Len=98
756,18.623729,52.115.97.218,192.168.1.106,UDP,152,3479  >  50013 Len=110
757,18.643322,52.115.97.218,192.168.1.106,UDP,168,3479  >  50013 Len=126
758,18.664286,52.115.97.218,192.168.1.106,UDP,165,3479  >  50013 Len=123
759,18.682727,52.115.97.218,192.168.1.106,UDP,159,3479  >  50013 Len=117
760,18.709203,52.115.97.218,192.168.1.106,UDP,160,3479  >  50013 Len=118
761,18.724957,52.115.97.218,192.168.1.106,UDP,170,3479  >  50013 Len=128
